host_t,ms,pitch,roll,yaw,gx,gy,gz,ax,ay,az,kpa,ldeg,rdeg,ldps,rdps,cmd_l,cmd_r
1790064470.081114,2300706.0,70.055,-9.129,118.102,-8.428,-5.448,16.459,-0.959,-0.059,0.333,100.762,-52.14,54.852,0.3,0.0,0.0,0.0
1790064470.0869498,2300712.0,70.025,-8.813,118.524,-7.791,-5.772,16.232,-0.961,-0.06,0.338,100.762,-52.152,54.852,-0.1,0.0,0.0,0.0
1790064470.091969,2300717.0,70.006,-8.654,118.732,-7.211,-5.997,16.087,-0.961,-0.06,0.342,100.762,-52.152,54.852,-0.1,-0.3,0.0,0.0
1790064470.0972228,2300722.0,69.985,-8.494,118.939,-6.591,-6.182,15.949,-0.96,-0.059,0.347,100.762,-52.152,54.852,0.0,-0.2,0.0,0.0
1790064470.103008,2300728.0,69.963,-8.331,119.145,-5.916,-6.405,15.81,-0.961,-0.056,0.35,100.762,-52.152,54.852,0.0,0.0,0.0,0.0
1790064470.1096342,2300734.0,69.938,-8.165,119.35,-5.219,-6.662,15.641,-0.961,-0.053,0.354,100.762,-52.152,54.864,0.0,0.3,0.0,0.0
1790064470.114588,2300739.0,69.912,-7.996,119.553,-4.501,-6.892,15.454,-0.961,-0.05,0.357,100.762,-52.152,54.852,0.1,0.0,0.0,0.0
1790064470.1201332,2300745.0,69.884,-7.826,119.755,-3.791,-7.06,15.255,-0.962,-0.048,0.361,100.762,-52.152,54.852,-0.1,0.1,0.0,0.0
1790064470.125262,2300750.0,69.854,-7.654,119.954,-3.138,-7.187,15.037,-0.962,-0.046,0.364,100.762,-52.152,54.864,0.0,0.2,0.0,0.0
1790064470.130292,2300755.0,69.824,-7.482,120.151,-2.494,-7.276,14.836,-0.963,-0.044,0.367,100.762,-52.152,54.852,-0.1,-0.3,0.0,0.0
1790064470.1358569,2300761.0,69.792,-7.308,120.345,-1.852,-7.293,14.663,-0.963,-0.041,0.37,100.762,-52.152,54.852,0.2,0.0,0.0,0.0
1790064470.140789,2300766.0,69.76,-7.134,120.537,-1.204,-7.318,14.501,-0.963,-0.039,0.373,100.762,-52.152,54.852,-0.1,0.1,0.0,0.0
1790064470.145803,2300771.0,69.727,-6.958,120.727,-0.554,-7.323,14.347,-0.962,-0.038,0.375,100.762,-52.152,54.852,0.1,0.1,0.0,0.0
1790064470.151905,2300777.0,69.661,-6.608,121.096,0.645,-7.184,13.867,-0.96,-0.035,0.378,100.762,-52.152,54.852,0.0,0.0,0.0,0.0
1790064470.157241,2300782.0,69.627,-6.436,121.273,1.201,-7.056,13.592,-0.956,-0.035,0.379,100.762,-52.152,54.852,0.1,0.0,0.0,0.0
1790064470.163048,2300788.0,69.595,-6.266,121.444,1.779,-6.762,13.286,-0.952,-0.034,0.38,100.762,-52.152,54.852,-0.1,0.1,0.0,0.0
1790064470.1680791,2300793.0,69.563,-6.1,121.608,2.409,-6.452,12.933,-0.95,-0.034,0.381,100.762,-52.152,54.852,0.0,0.0,0.0,0.0
1790064470.174617,2300799.0,69.531,-5.937,121.766,3.053,-6.282,12.531,-0.948,-0.034,0.381,100.762,-52.152,54.864,0.3,0.1,0.0,0.0
1790064470.1800451,2300805.0,69.5,-5.778,121.915,3.736,-6.088,12.106,-0.946,-0.034,0.382,100.762,-52.152,54.852,0.0,0.0,0.0,0.0
1790064470.1852958,2300810.0,69.47,-5.623,122.058,4.433,-5.867,11.712,-0.944,-0.034,0.383,100.762,-52.152,54.852,0.0,-0.1,0.0,0.0
1790064470.190144,2300815.0,69.44,-5.471,122.193,5.126,-5.665,11.335,-0.943,-0.035,0.383,100.761,-52.152,54.852,0.0,0.1,0.0,0.0
1790064470.195703,2300821.0,69.411,-5.321,122.322,5.823,-5.443,10.952,-0.942,-0.034,0.383,100.761,-52.152,54.852,-0.1,-0.2,0.0,0.0
1790064470.2006688,2300826.0,69.383,-5.175,122.444,6.505,-5.156,10.562,-0.94,-0.034,0.384,100.761,-52.152,54.852,0.0,0.1,0.0,0.0
1790064470.205803,2300831.0,69.356,-5.031,122.559,7.153,-4.859,10.15,-0.939,-0.033,0.384,100.761,-52.152,54.852,0.0,0.0,0.0,0.0
1790064470.2118661,2300837.0,69.305,-4.755,122.77,8.356,-4.284,9.317,-0.936,-0.032,0.385,100.761,-52.152,54.852,-0.1,0.0,0.0,0.0
1790064470.2173162,2300842.0,69.282,-4.622,122.864,8.953,-3.964,8.866,-0.935,-0.031,0.385,100.761,-52.152,54.852,-0.1,0.0,0.0,0.0
1790064470.223121,2300848.0,69.259,-4.493,122.951,9.529,-3.655,8.403,-0.934,-0.03,0.385,100.761,-52.152,54.852,-0.1,0.1,0.0,0.0
1790064470.22962,2300854.0,69.238,-4.369,123.031,10.055,-3.364,7.938,-0.933,-0.029,0.385,100.761,-52.152,54.852,0.0,-0.2,0.0,0.0
1790064470.235348,2300860.0,69.218,-4.249,123.104,10.581,-3.037,7.445,-0.932,-0.028,0.385,100.761,-52.152,54.852,0.2,-0.1,0.0,0.0
1790064470.240725,2300866.0,69.2,-4.133,123.168,11.101,-2.683,6.913,-0.931,-0.027,0.385,100.761,-52.152,54.852,0.0,0.0,0.0,0.0
1790064470.245713,2300871.0,69.183,-4.023,123.225,11.583,-2.325,6.382,-0.93,-0.026,0.385,100.761,-52.152,54.852,0.0,0.0,0.0,0.0
1790064470.2519639,2300877.0,69.154,-3.818,123.315,12.5,-1.64,5.305,-0.928,-0.024,0.384,100.761,-52.152,54.852,-0.1,0.0,0.0,0.0
1790064470.25695,2300882.0,69.142,-3.723,123.348,12.95,-1.323,4.755,-0.927,-0.023,0.383,100.761,-52.152,54.852,-0.1,0.1,0.0,0.0
1790064470.262228,2300887.0,69.132,-3.634,123.372,13.373,-1.003,4.208,-0.926,-0.022,0.381,100.761,-52.152,54.852,0.0,0.0,0.0,0.0
1790064470.267572,2300892.0,69.123,-3.551,123.388,13.759,-0.686,3.654,-0.925,-0.022,0.379,100.761,-52.152,54.852,0.0,0.0,0.0,0.0
1790064470.273234,2300898.0,69.116,-3.474,123.395,14.139,-0.4,3.091,-0.925,-0.022,0.378,100.761,-52.152,54.852,-0.1,0.0,0.0,0.0
1790064470.2779908,2300903.0,69.11,-3.404,123.394,14.511,-0.154,2.523,-0.925,-0.021,0.376,100.761,-52.152,54.852,0.0,0.0,0.0,0.0
1790064470.284653,2300909.0,69.105,-3.339,123.384,14.88,0.093,1.963,-0.925,-0.021,0.374,100.761,-52.164,54.852,-0.2,0.1,0.0,0.0
1790064470.290286,2300915.0,69.102,-3.28,123.367,15.238,0.331,1.445,-0.925,-0.021,0.373,100.761,-52.152,54.852,0.0,-0.1,0.0,0.0
1790064470.294956,2300920.0,69.1,-3.226,123.342,15.56,0.556,0.927,-0.925,-0.02,0.371,100.761,-52.152,54.852,0.1,0.0,0.0,0.0
1790064470.3002582,2300925.0,69.1,-3.179,123.309,15.851,0.779,0.387,-0.924,-0.02,0.37,100.761,-52.164,54.852,-0.3,0.2,0.0,0.0
1790064470.3052359,2300930.0,69.101,-3.136,123.269,16.129,1.036,-0.132,-0.924,-0.019,0.369,100.761,-52.164,54.852,0.0,0.0,0.0,0.0
1790064470.310782,2300936.0,69.103,-3.1,123.221,16.398,1.302,-0.648,-0.924,-0.018,0.367,100.762,-52.152,54.852,0.1,-0.1,0.0,0.0
1790064470.317375,2300942.0,69.111,-3.042,123.105,16.81,1.718,-1.677,-0.924,-0.016,0.364,100.762,-52.164,54.852,0.0,0.0,0.0,0.0
1790064470.323133,2300948.0,69.117,-3.023,123.036,16.969,1.908,-2.201,-0.925,-0.015,0.363,100.762,-52.152,54.852,0.1,0.0,0.0,0.0
1790064470.32956,2300954.0,69.124,-3.009,122.96,17.118,2.089,-2.701,-0.926,-0.015,0.361,100.762,-52.164,54.852,0.0,0.1,0.0,0.0
1790064470.335186,2300960.0,69.132,-3.002,122.876,17.243,2.266,-3.18,-0.926,-0.016,0.359,100.762,-52.152,54.852,0.0,-0.1,0.0,0.0
1790064470.340211,2300965.0,69.141,-3.001,122.785,17.391,2.454,-3.639,-0.926,-0.016,0.358,100.762,-52.164,54.852,-0.1,0.0,0.0,0.0
1790064470.3457532,2300971.0,69.152,-3.006,122.688,17.516,2.66,-4.081,-0.925,-0.017,0.356,100.762,-52.164,54.852,-0.2,0.0,0.0,0.0
1790064470.3520918,2300977.0,69.175,-3.032,122.473,17.725,3.008,-4.908,-0.923,-0.017,0.354,100.762,-52.152,54.852,0.1,0.0,0.0,0.0
1790064470.35697,2300982.0,69.188,-3.052,122.357,17.77,3.202,-5.26,-0.923,-0.017,0.352,100.762,-52.164,54.852,0.0,0.0,0.0,0.0
1790064470.36258,2300987.0,69.202,-3.077,122.236,17.793,3.41,-5.592,-0.922,-0.017,0.351,100.762,-52.164,54.852,-0.1,-0.2,0.0,0.0
1790064470.368151,2300993.0,69.217,-3.107,122.11,17.838,3.62,-5.964,-0.921,-0.017,0.349,100.762,-52.164,54.852,-0.2,0.0,0.0,0.0
1790064470.373655,2300999.0,69.233,-3.142,121.978,17.917,3.809,-6.313,-0.92,-0.018,0.348,100.761,-52.164,54.852,-0.2,0.0,0.0,0.0
1790064470.379571,2301004.0,69.25,-3.181,121.842,17.968,3.994,-6.609,-0.919,-0.018,0.347,100.761,-52.164,54.852,-0.2,0.0,0.0,0.0
1790064470.384587,2301009.0,69.269,-3.224,121.701,17.954,4.203,-6.875,-0.919,-0.018,0.346,100.761,-52.164,54.852,-0.3,-0.3,0.0,0.0
1790064470.389607,2301014.0,69.288,-3.271,121.557,17.919,4.413,-7.138,-0.918,-0.018,0.344,100.761,-52.164,54.852,0.0,0.1,0.0,0.0
1790064470.395052,2301020.0,69.308,-3.322,121.408,17.881,4.591,-7.4,-0.918,-0.019,0.343,100.761,-52.164,54.852,0.2,0.1,0.0,0.0
1790064470.400243,2301025.0,69.329,-3.378,121.254,17.806,4.774,-7.646,-0.919,-0.019,0.341,100.761,-52.164,54.852,0.0,0.0,0.0,0.0
1790064470.405246,2301030.0,69.351,-3.438,121.097,17.698,4.934,-7.854,-0.919,-0.021,0.34,100.761,-52.152,54.852,0.4,0.0,0.0,0.0
1790064470.41068,2301036.0,69.374,-3.502,120.936,17.561,5.073,-8.03,-0.92,-0.022,0.338,100.761,-52.164,54.852,0.0,0.1,0.0,0.0
1790064470.4170449,2301042.0,69.423,-3.643,120.604,17.28,5.372,-8.316,-0.921,-0.025,0.336,100.761,-52.164,54.852,0.0,-0.1,0.0,0.0
1790064470.422343,2301047.0,69.448,-3.718,120.434,17.096,5.525,-8.426,-0.921,-0.026,0.335,100.761,-52.164,54.852,-0.1,-0.3,0.0,0.0
1790064470.427168,2301052.0,69.474,-3.796,120.263,16.852,5.662,-8.512,-0.922,-0.026,0.333,100.761,-52.164,54.852,0.0,0.1,0.0,0.0
1790064470.4328299,2301058.0,69.501,-3.876,120.09,16.603,5.803,-8.545,-0.922,-0.027,0.331,100.761,-52.164,54.852,0.0,0.0,0.0,0.0
1790064470.4388108,2301064.0,69.529,-3.959,119.916,16.369,5.912,-8.584,-0.922,-0.027,0.329,100.761,-52.164,54.852,0.0,0.1,0.0,0.0
1790064470.444576,2301069.0,69.558,-4.045,119.741,16.129,5.993,-8.625,-0.923,-0.029,0.327,100.761,-52.164,54.852,-0.2,0.0,0.0,0.0
1790064470.450089,2301075.0,69.587,-4.133,119.564,15.859,6.101,-8.624,-0.923,-0.03,0.325,100.761,-52.164,54.852,0.0,0.0,0.0,0.0
1790064470.4557009,2301081.0,69.617,-4.223,119.388,15.583,6.219,-8.574,-0.922,-0.031,0.323,100.761,-52.164,54.852,0.0,0.0,0.0,0.0
1790064470.460733,2301086.0,69.647,-4.314,119.21,15.345,6.306,-8.519,-0.922,-0.032,0.321,100.761,-52.164,54.852,0.1,0.0,0.0,0.0
1790064470.465777,2301091.0,69.678,-4.407,119.033,15.114,6.369,-8.453,-0.921,-0.034,0.319,100.761,-52.164,54.852,0.1,-0.1,0.0,0.0
1790064470.4720068,2301097.0,69.742,-4.598,118.678,14.547,6.517,-8.247,-0.92,-0.038,0.314,100.761,-52.164,54.852,-0.2,0.1,0.0,0.0
1790064470.477204,2301102.0,69.775,-4.694,118.502,14.262,6.559,-8.085,-0.92,-0.039,0.312,100.761,-52.164,54.852,0.0,0.0,0.0,0.0
1790064470.4827929,2301108.0,69.808,-4.791,118.327,13.972,6.595,-7.914,-0.92,-0.04,0.31,100.761,-52.164,54.852,-0.1,0.0,0.0,0.0
1790064470.489565,2301114.0,69.842,-4.887,118.155,13.658,6.606,-7.763,-0.921,-0.04,0.307,100.761,-52.164,54.852,0.0,0.0,0.0,0.0
1790064470.4947069,2301119.0,69.876,-4.983,117.984,13.358,6.618,-7.612,-0.921,-0.04,0.305,100.762,-52.164,54.864,-0.3,0.4,0.0,0.0
1790064470.499806,2301125.0,69.911,-5.078,117.816,13.022,6.628,-7.456,-0.922,-0.04,0.303,100.762,-52.164,54.852,-0.1,0.0,0.0,0.0
1790064470.505256,2301130.0,69.946,-5.173,117.65,12.666,6.613,-7.282,-0.922,-0.039,0.301,100.762,-52.164,54.852,0.2,-0.2,0.0,0.0
1790064470.5102358,2301135.0,69.981,-5.267,117.487,12.317,6.608,-7.109,-0.923,-0.039,0.299,100.762,-52.164,54.852,0.2,0.0,0.0,0.0
1790064470.515742,2301141.0,70.016,-5.361,117.326,11.943,6.604,-6.927,-0.923,-0.039,0.297,100.762,-52.164,54.852,-0.2,0.0,0.0,0.0
1790064470.520705,2301146.0,70.051,-5.454,117.168,11.545,6.559,-6.727,-0.924,-0.039,0.295,100.762,-52.164,54.852,0.0,0.0,0.0,0.0
1790064470.52571,2301151.0,70.087,-5.546,117.013,11.128,6.518,-6.499,-0.924,-0.039,0.294,100.762,-52.164,54.852,0.0,0.0,0.0,0.0
1790064470.5316858,2301157.0,70.123,-5.636,116.863,10.703,6.477,-6.248,-0.925,-0.038,0.292,100.762,-52.164,54.852,0.0,0.0,0.0,0.0
1790064470.53693,2301162.0,70.194,-5.81,116.575,9.847,6.333,-5.775,-0.926,-0.036,0.289,100.762,-52.164,54.852,0.1,0.2,0.0,0.0
1790064470.54219,2301167.0,70.229,-5.893,116.438,9.437,6.282,-5.525,-0.926,-0.034,0.288,100.762,-52.164,54.852,-0.1,0.0,0.0,0.0
1790064470.548192,2301173.0,70.265,-5.976,116.304,9.015,6.235,-5.298,-0.926,-0.034,0.286,100.762,-52.164,54.852,-0.1,0.0,0.0,0.0
1790064470.552908,2301178.0,70.3,-6.057,116.174,8.595,6.167,-5.077,-0.926,-0.033,0.285,100.761,-52.164,54.852,0.0,-0.3,0.0,0.0
1790064470.5597959,2301185.0,70.335,-6.137,116.048,8.17,6.073,-4.864,-0.925,-0.033,0.284,100.761,-52.164,54.852,-0.1,0.1,0.0,0.0
1790064470.565205,2301190.0,70.369,-6.217,115.923,7.726,6.019,-4.672,-0.925,-0.034,0.284,100.761,-52.164,54.852,0.0,-0.2,0.0,0.0
1790064470.5702488,2301195.0,70.404,-6.296,115.802,7.284,5.981,-4.485,-0.925,-0.034,0.283,100.761,-52.164,54.852,0.0,0.1,0.0,0.0
1790064470.5756748,2301201.0,70.438,-6.375,115.683,6.854,5.928,-4.28,-0.925,-0.034,0.283,100.761,-52.164,54.852,0.0,0.0,0.0,0.0
1790064470.582015,2301207.0,70.506,-6.53,115.456,6.008,5.82,-3.841,-0.925,-0.034,0.283,100.761,-52.176,54.852,-0.4,0.2,0.0,0.0
1790064470.587204,2301212.0,70.539,-6.605,115.348,5.612,5.75,-3.606,-0.925,-0.034,0.283,100.761,-52.164,54.852,0.1,-0.1,0.0,0.02
1790064470.592723,2301218.0,70.572,-6.678,115.244,5.224,5.682,-3.381,-0.924,-0.033,0.283,100.761,-52.164,54.852,0.0,0.0,0.0,0.04
1790064470.5996218,2301224.0,70.604,-6.749,115.144,4.873,5.67,-3.166,-0.922,-0.032,0.283,100.761,-52.164,54.852,0.0,-0.1,0.0,0.06
1790064470.6048992,2301230.0,70.637,-6.819,115.048,4.542,5.671,-2.949,-0.921,-0.032,0.283,100.761,-52.164,54.852,0.0,0.1,0.0,0.08
1790064470.610219,2301235.0,70.669,-6.885,114.956,4.177,5.658,-2.712,-0.92,-0.031,0.282,100.761,-52.164,54.864,0.0,0.2,0.0,0.1
1790064470.615186,2301240.0,70.701,-6.951,114.867,3.808,5.636,-2.49,-0.918,-0.03,0.282,100.762,-52.164,54.852,0.0,-0.1,0.0,0.12000000000000001
1790064470.6207428,2301246.0,70.733,-7.014,114.783,3.461,5.601,-2.285,-0.918,-0.03,0.282,100.762,-52.164,54.864,0.1,0.2,0.0,0.14
1790064470.626903,2301252.0,70.797,-7.137,114.623,2.792,5.608,-1.84,-0.916,-0.03,0.283,100.762,-52.164,54.852,0.0,0.0,0.0,0.18
1790064470.632172,2301257.0,70.828,-7.196,114.548,2.486,5.59,-1.646,-0.915,-0.03,0.284,100.762,-52.164,54.852,-0.1,0.0,0.0,0.19999999999999998
1790064470.638287,2301263.0,70.859,-7.254,114.476,2.163,5.57,-1.48,-0.915,-0.03,0.284,100.762,-52.176,54.864,-0.1,0.1,0.0,0.21999999999999997
1790064470.644613,2301269.0,70.89,-7.312,114.406,1.797,5.569,-1.325,-0.915,-0.03,0.285,100.762,-52.164,54.864,0.0,0.2,0.0,0.23999999999999996
1790064470.6498518,2301275.0,70.92,-7.368,114.34,1.439,5.596,-1.165,-0.915,-0.03,0.287,100.762,-52.164,54.864,0.0,0.1,0.0,0.25999999999999995
1790064470.655255,2301280.0,70.951,-7.423,114.276,1.099,5.607,-1.005,-0.915,-0.029,0.288,100.762,-52.164,54.864,0.1,0.1,0.0,0.27999999999999997
1790064470.660274,2301285.0,70.98,-7.477,114.215,0.729,5.584,-0.867,-0.916,-0.028,0.289,100.762,-52.164,54.864,0.0,0.3,0.0,0.3
1790064470.665729,2301291.0,71.01,-7.53,114.158,0.343,5.566,-0.739,-0.916,-0.027,0.29,100.762,-52.164,54.864,0.0,0.2,0.0,0.32
1790064470.671915,2301297.0,71.07,-7.634,114.05,-0.443,5.627,-0.504,-0.917,-0.025,0.291,100.762,-52.164,54.876,0.0,0.5,0.0,0.36000000000000004
1790064470.678189,2301303.0,71.1,-7.685,114.0,-0.803,5.653,-0.368,-0.918,-0.024,0.291,100.761,-52.164,54.888,-0.1,0.5,0.0,0.38000000000000006
1790064470.684725,2301309.0,71.13,-7.737,113.952,-1.103,5.676,-0.241,-0.919,-0.025,0.291,100.761,-52.176,54.888,-0.1,0.5,0.0,0.4000000000000001
1790064470.689754,2301315.0,71.16,-7.788,113.905,-1.38,5.666,-0.14,-0.921,-0.025,0.291,100.761,-52.164,54.888,0.1,0.5,0.0,0.4200000000000001
1790064470.6952279,2301320.0,71.189,-7.84,113.859,-1.639,5.633,-0.082,-0.922,-0.025,0.291,100.761,-52.164,54.9,0.0,0.6,0.0,0.4400000000000001
1790064470.700227,2301325.0,71.219,-7.892,113.814,-1.883,5.603,-0.052,-0.924,-0.025,0.29,100.761,-52.164,54.912,0.0,1.1,0.0,0.46000000000000013
1790064470.705732,2301331.0,71.249,-7.945,113.769,-2.131,5.599,-0.033,-0.926,-0.025,0.29,100.761,-52.164,54.924,0.0,1.3,0.0,0.48000000000000015
1790064470.710654,2301336.0,71.279,-7.999,113.724,-2.362,5.599,-0.055,-0.928,-0.025,0.29,100.761,-52.164,54.948,0.0,1.6,0.0,0.5000000000000001
1790064470.71577,2301341.0,71.309,-8.056,113.678,-2.549,5.599,-0.089,-0.93,-0.025,0.29,100.761,-52.164,54.972,0.2,2.0,0.0,0.5200000000000001
1790064470.7206988,2301346.0,71.339,-8.113,113.631,-2.71,5.576,-0.118,-0.933,-0.025,0.289,100.761,-52.164,54.996,0.1,2.6,0.0,0.5400000000000001
1790064470.726911,2301352.0,71.399,-8.233,113.536,-2.955,5.488,-0.269,-0.939,-0.025,0.289,100.761,-52.164,55.032,0.0,3.2,0.0,0.5800000000000002
1790064470.732398,2301357.0,71.428,-8.295,113.486,-3.064,5.533,-0.363,-0.942,-0.025,0.29,100.761,-52.164,55.08,0.0,3.9,0.0,0.6000000000000002
1790064470.738118,2301363.0,71.458,-8.359,113.434,-3.17,5.619,-0.423,-0.944,-0.025,0.291,100.761,-52.176,55.14,-0.3,4.9,0.0,0.6200000000000002
1790064470.744682,2301370.0,71.488,-8.425,113.381,-3.226,5.748,-0.476,-0.946,-0.026,0.294,100.761,-52.176,55.32,-0.2,8.5,0.0,0.6400000000000002
1790064470.750057,2301375.0,71.518,-8.494,113.326,-3.186,6.03,-0.595,-0.946,-0.027,0.298,100.761,-52.176,55.452,-0.5,10.7,0.0,0.6600000000000003
1790064470.755303,2301380.0,71.549,-8.565,113.266,-3.016,6.454,-0.739,-0.947,-0.028,0.302,100.761,-52.188,55.596,-0.6,12.8,0.0,0.6800000000000003
1790064470.760724,2301386.0,71.582,-8.639,113.203,-2.734,6.918,-0.902,-0.95,-0.028,0.303,100.761,-52.188,55.764,-0.6,15.2,0.0,0.7000000000000003
1790064470.7668989,2301392.0,71.654,-8.791,113.066,-2.149,7.796,-1.271,-0.957,-0.027,0.302,100.761,-52.176,55.944,0.0,17.3,0.0,0.7400000000000003
1790064470.772243,2301397.0,71.693,-8.871,112.992,-1.849,8.335,-1.45,-0.959,-0.026,0.304,100.761,-52.188,56.172,-0.2,20.2,0.0,0.7600000000000003
1790064470.777486,2301402.0,71.735,-8.953,112.913,-1.546,8.91,-1.663,-0.96,-0.026,0.305,100.761,-52.188,56.4,-0.1,22.6,0.0,0.7800000000000004
1790064470.783295,2301408.0,71.779,-9.039,112.828,-1.212,9.489,-1.89,-0.961,-0.027,0.305,100.761,-52.188,56.664,-0.4,25.4,0.0,0.8000000000000004
1790064470.7883341,2301413.0,71.825,-9.129,112.738,-0.78,10.137,-2.106,-0.962,-0.027,0.305,100.761,-52.188,56.952,-0.2,28.3,0.0,0.8200000000000004
1790064470.794642,2301419.0,71.875,-9.221,112.642,-0.241,10.865,-2.325,-0.963,-0.028,0.305,100.761,-52.188,57.6,0.0,34.1,0.0,0.8400000000000004
1790064470.799732,2301425.0,71.928,-9.318,112.538,0.353,11.621,-2.555,-0.964,-0.029,0.305,100.762,-52.188,57.984,0.0,37.6,0.0,0.8600000000000004
1790064470.805276,2301430.0,71.984,-9.417,112.429,0.943,12.439,-2.789,-0.965,-0.029,0.305,100.762,-52.188,58.392,0.0,40.7,0.0,0.8800000000000004
1790064470.8106399,2301436.0,72.045,-9.52,112.312,1.552,13.314,-3.032,-0.966,-0.029,0.305,100.762,-52.188,58.824,0.0,44.3,0.0,0.9000000000000005
1790064470.815679,2301441.0,72.109,-9.627,112.188,2.204,14.185,-3.273,-0.967,-0.03,0.304,100.762,-52.188,59.304,0.0,47.9,0.0,0.9200000000000005
1790064470.820738,2301446.0,72.177,-9.737,112.057,2.904,15.127,-3.516,-0.969,-0.03,0.303,100.762,-52.188,59.808,-0.1,51.6,0.0,0.9400000000000005
1790064470.8269749,2301452.0,72.326,-9.971,111.769,4.458,17.082,-4.027,-0.974,-0.032,0.302,100.762,-52.188,60.348,-0.1,54.6,0.0,0.9800000000000005
1790064470.832201,2301457.0,72.408,-10.094,111.612,5.248,17.938,-4.292,-0.978,-0.031,0.297,100.762,-52.188,60.924,0.0,59.6,0.0,1.0
1790064470.837439,2301462.0,72.494,-10.221,111.448,6.008,18.995,-4.524,-0.978,-0.031,0.297,100.762,-52.188,61.524,0.0,62.0,0.0,1.0
1790064470.843255,2301468.0,72.584,-10.351,111.275,6.807,20.086,-4.748,-0.981,-0.031,0.298,100.762,-52.188,62.148,-0.2,66.8,0.0,1.0
1790064470.8497128,2301475.0,72.679,-10.487,111.093,7.674,21.013,-5.022,-0.986,-0.033,0.297,100.762,-52.188,63.492,0.0,73.4,0.0,1.0
1790064470.8551118,2301480.0,72.777,-10.628,110.901,8.51,21.922,-5.292,-0.988,-0.032,0.296,100.762,-52.188,64.2,0.0,76.2,0.0,1.0
1790064470.8602781,2301485.0,72.879,-10.771,110.702,9.345,22.901,-5.498,-0.988,-0.031,0.295,100.762,-52.188,64.944,-0.1,79.8,0.0,1.0
1790064470.8653078,2301490.0,72.986,-10.919,110.494,10.205,23.91,-5.701,-0.986,-0.032,0.295,100.762,-52.188,65.724,0.0,83.8,0.0,1.0
1790064470.8707032,2301496.0,73.096,-11.073,110.275,11.018,24.893,-5.927,-0.986,-0.033,0.294,100.762,-52.188,66.528,0.1,87.1,0.0,1.0
1790064470.8757188,2301501.0,73.21,-11.233,110.047,11.841,25.909,-6.157,-0.985,-0.034,0.295,100.762,-52.188,67.368,-0.1,90.6,0.0,1.0
1790064470.880783,2301506.0,73.328,-11.398,109.809,12.649,26.946,-6.367,-0.983,-0.034,0.294,100.762,-52.188,68.244,0.0,94.5,0.0,1.0
1790064470.886801,2301512.0,73.45,-11.567,109.562,13.439,27.916,-6.54,-0.984,-0.033,0.291,100.762,-52.188,69.156,-0.1,97.9,0.0,1.0
1790064470.892004,2301517.0,73.707,-11.922,109.04,15.056,29.704,-6.809,-0.988,-0.034,0.286,100.762,-52.2,70.092,-0.1,101.3,0.0,1.0
1790064470.897166,2301522.0,73.841,-12.109,108.763,15.771,30.508,-6.936,-0.992,-0.036,0.282,100.762,-52.188,71.052,0.0,105.1,0.0,1.0
1790064470.902838,2301528.0,73.977,-12.304,108.475,16.455,31.287,-7.031,-0.993,-0.04,0.279,100.762,-52.188,72.036,-0.2,108.3,0.0,1.0
1790064470.9096751,2301534.0,74.117,-12.509,108.173,17.173,32.024,-7.11,-0.994,-0.045,0.278,100.762,-52.188,74.088,0.0,114.0,0.0,1.0
1790064470.914902,2301539.0,74.26,-12.722,107.861,17.87,32.684,-7.119,-1.0,-0.049,0.273,100.762,-52.2,75.144,-0.1,116.7,0.0,1.0
1790064470.919326,2301545.0,74.26,-12.722,107.861,17.87,32.684,-7.119,-1.0,-0.049,0.273,100.762,-52.188,76.212,0.0,119.3,0.0,1.0
1790064470.9250739,2301550.0,74.554,-13.171,107.203,19.083,33.795,-7.031,-1.008,-0.058,0.262,100.762,-52.188,77.304,0.0,122.0,0.0,1.0
1790064470.9306262,2301555.0,74.704,-13.407,106.858,19.723,34.285,-6.909,-1.011,-0.064,0.259,100.762,-52.188,78.432,0.3,124.6,0.0,1.0
1790064470.935702,2301561.0,74.855,-13.648,106.505,20.309,34.741,-6.711,-1.013,-0.069,0.256,100.762,-52.188,79.572,0.0,127.3,0.0,1.0
1790064470.940726,2301566.0,75.008,-13.893,106.146,20.82,35.157,-6.457,-1.015,-0.073,0.256,100.762,-52.2,80.736,-0.3,130.0,0.0,1.0
1790064470.945761,2301571.0,75.162,-14.139,105.784,21.279,35.627,-6.117,-1.011,-0.075,0.258,100.762,-52.188,81.936,0.1,132.6,0.0,1.0
1790064470.9520352,2301577.0,75.472,-14.636,105.049,22.145,36.717,-5.396,-1.002,-0.08,0.258,100.762,-52.2,83.136,-0.2,134.6,0.0,1.0
1790064470.957203,2301582.0,75.63,-14.886,104.677,22.54,37.152,-5.057,-1.002,-0.08,0.256,100.762,-52.2,84.36,-0.2,136.8,0.0,1.0
1790064470.9628139,2301588.0,75.789,-15.135,104.305,22.884,37.558,-4.727,-1.0,-0.078,0.254,100.762,-52.2,85.584,0.0,138.7,0.0,1.0
1790064470.969849,2301594.0,75.95,-15.384,103.931,23.151,38.015,-4.385,-0.996,-0.076,0.252,100.762,-52.2,88.104,-0.1,142.7,0.0,1.0
1790064470.975304,2301599.0,76.113,-15.636,103.554,23.34,38.418,-4.062,-0.998,-0.075,0.246,100.762,-52.2,89.388,0.0,144.6,0.0,1.0
1790064470.979817,2301605.0,76.113,-15.636,103.554,23.34,38.418,-4.062,-0.998,-0.075,0.246,100.762,-52.188,90.684,0.2,146.5,0.0,1.0
1790064470.985334,2301610.0,76.446,-16.149,102.788,23.63,39.048,-3.37,-0.997,-0.075,0.23,100.762,-52.2,92.016,0.0,148.3,0.0,1.0
1790064470.9906628,2301615.0,76.615,-16.41,102.401,23.653,39.039,-2.98,-1.003,-0.073,0.217,100.762,-52.188,93.348,0.2,149.8,0.0,1.0
1790064470.99549,2301621.0,76.785,-16.671,102.014,23.637,38.901,-2.575,-1.006,-0.073,0.208,100.762,-52.188,94.68,0.1,151.1,0.0,1.0
1790064471.0007522,2301626.0,76.956,-16.931,101.628,23.549,38.799,-2.142,-1.009,-0.07,0.199,100.762,-52.188,96.024,-0.1,152.4,0.0,1.0
1790064471.005951,2301631.0,77.128,-17.19,101.245,23.368,38.533,-1.727,-1.019,-0.066,0.184,100.762,-52.2,97.356,-0.1,153.3,0.0,1.0
1790064471.0119638,2301637.0,77.472,-17.708,100.484,22.866,37.555,-0.963,-1.032,-0.062,0.161,100.762,-52.188,98.712,0.0,154.2,0.0,1.0
1790064471.0180428,2301642.0,77.641,-17.967,100.105,22.528,37.079,-0.578,-1.033,-0.063,0.156,100.762,-52.2,100.056,-0.1,154.7,0.0,1.0
1790064471.022888,2301648.0,77.808,-18.23,99.726,22.193,36.416,-0.3,-1.035,-0.065,0.151,100.762,-52.188,101.424,0.3,155.7,0.0,1.0
1790064471.028188,2301653.0,77.971,-18.493,99.348,21.771,35.543,-0.036,-1.04,-0.065,0.143,100.762,-52.188,102.792,0.0,156.5,0.0,1.0
1790064471.03375,2301659.0,78.122,-18.773,98.951,22.356,32.56,-0.771,-1.069,-0.076,0.126,100.762,-52.056,103.836,8.2,84.6,0.0,1.0
1790064471.039743,2301665.0,78.251,-19.085,98.516,23.666,21.36,-4.35,-1.248,-0.059,-0.055,100.762,-52.056,103.836,8.2,84.6,0.0,1.0
1790064471.045256,2301670.0,78.317,-19.308,98.186,20.539,3.455,-7.645,-1.396,0.022,-0.186,100.762,-50.988,102.576,58.3,-8.2,0.0,1.0
1790064471.050636,2301675.0,78.309,-19.404,98.031,11.404,-12.546,-8.443,-1.369,0.068,-0.133,100.762,-50.46,102.168,69.0,-22.2,0.0,1.0
1790064471.0556958,2301681.0,78.237,-19.479,97.95,1.144,-25.201,-9.793,-1.263,0.045,-0.088,100.762,-50.244,101.64,58.0,-36.6,0.0,1.0
1790064471.060763,2301686.0,78.092,-19.592,97.861,-4.716,-36.908,-11.951,-1.112,-0.049,0.008,100.762,-50.208,100.884,39.0,-55.0,0.0,1.0
1790064471.0660338,2301691.0,77.862,-19.784,97.697,-4.966,-46.055,-14.517,-0.935,-0.182,0.161,100.762,-50.196,100.08,26.1,-68.4,0.0,1.0
1790064471.07218,2301697.0,77.282,-20.025,97.512,-5.746,-55.606,-16.06,-0.896,-0.151,0.242,100.762,-50.064,99.456,24.6,-70.2,0.0,1.0
1790064471.078305,2301703.0,77.003,-19.999,97.588,-9.585,-58.442,-15.618,-1.01,-0.054,0.186,100.762,-49.824,99.132,30.3,-57.0,0.0,1.0
1790064471.084809,2301710.0,76.722,-19.935,97.725,-14.174,-60.167,-14.744,-1.052,-0.022,0.188,100.762,-49.512,98.94,26.5,-28.9,0.0,1.0
1790064471.0901241,2301715.0,76.436,-19.889,97.861,-17.561,-59.644,-14.315,-0.988,-0.034,0.212,100.762,-49.644,98.784,9.6,-24.9,0.0,1.0
1790064471.095288,2301720.0,76.141,-19.896,97.947,-18.126,-57.171,-14.355,-0.889,-0.083,0.267,100.762,-49.812,98.58,-4.3,-24.2,0.0,1.0
1790064471.100745,2301726.0,75.841,-19.958,97.968,-16.016,-54.137,-14.52,-0.838,-0.14,0.321,100.762,-49.956,98.472,-11.2,-19.5,0.0,1.0
1790064471.1058261,2301731.0,75.557,-20.02,97.979,-14.012,-51.749,-14.109,-0.867,-0.139,0.308,100.763,-49.992,98.508,-9.0,-10.9,0.0,1.0
1790064471.110752,2301736.0,75.3,-20.072,97.996,-13.49,-47.507,-13.045,-0.896,-0.12,0.297,100.763,-49.98,98.676,-5.6,0.1,0.0,1.0
1790064471.11587,2301741.0,75.072,-20.121,98.02,-14.277,-41.985,-11.509,-0.898,-0.104,0.298,100.763,-50.004,98.928,-4.6,11.2,0.0,1.0
1790064471.120874,2301746.0,74.866,-20.208,98.014,-15.797,-38.267,-10.173,-0.918,-0.131,0.277,100.763,-50.052,99.24,-6.1,19.9,0.0,1.0
1790064471.1270888,2301752.0,74.495,-20.393,98.004,-16.785,-30.91,-6.814,-0.9,-0.171,0.333,100.763,-50.184,99.456,-11.7,22.0,0.0,1.0
1790064471.132499,2301757.0,74.327,-20.51,97.968,-15.382,-26.329,-5.791,-0.876,-0.206,0.364,100.763,-50.352,99.636,-18.1,21.2,0.0,1.0
1790064471.137835,2301763.0,74.18,-20.607,97.945,-14.166,-23.853,-4.565,-0.909,-0.19,0.338,100.763,-50.532,99.852,-21.7,23.0,0.0,1.0
1790064471.142735,2301768.0,74.045,-20.675,97.948,-13.543,-22.184,-3.22,-0.895,-0.171,0.33,100.763,-50.628,100.14,-20.3,26.8,0.0,1.0
1790064471.148275,2301774.0,73.918,-20.723,97.973,-13.867,-18.92,-1.704,-0.828,-0.159,0.356,100.763,-50.688,100.512,-16.6,32.2,0.0,1.0
1790064471.153742,2301779.0,73.808,-20.784,97.989,-14.782,-14.707,-0.24,-0.801,-0.168,0.36,100.763,-50.832,101.328,-14.3,41.4,0.0,1.0
1790064471.159752,2301784.0,73.719,-20.858,97.994,-15.141,-10.904,0.988,-0.81,-0.175,0.352,100.763,-50.832,101.328,-14.3,41.4,0.0,1.0
1790064471.165185,2301790.0,73.648,-20.946,97.984,-14.701,-8.01,1.986,-0.827,-0.189,0.341,100.763,-50.964,101.724,-17.3,43.0,0.0,1.0
1790064471.170476,2301795.0,73.59,-21.05,97.953,-13.57,-6.091,2.539,-0.835,-0.205,0.325,100.763,-51.264,102.492,-21.7,43.7,0.0,1.0
1790064471.175336,2301800.0,73.545,-21.138,97.93,-12.295,-4.543,3.18,-0.855,-0.194,0.315,100.763,-51.384,102.924,-21.2,45.5,0.0,1.0
1790064471.180681,2301806.0,73.511,-21.212,97.917,-11.122,-3.007,3.654,-0.863,-0.178,0.308,100.763,-51.48,103.356,-19.5,47.5,0.0,1.0
1790064471.1857831,2301811.0,73.49,-21.268,97.915,-10.182,-0.852,4.069,-0.863,-0.153,0.302,100.763,-51.564,103.776,-17.6,46.9,0.0,1.0
1790064471.1907861,2301816.0,73.482,-21.334,97.897,-9.113,1.279,3.917,-0.883,-0.15,0.294,100.763,-51.612,103.656,-14.1,24.4,0.0,1.0
1790064471.196867,2301822.0,73.493,-21.489,97.833,-8.681,-5.247,1.959,-1.062,-0.108,0.119,100.763,-51.564,103.392,-6.0,4.1,0.0,1.0
1790064471.202296,2301827.0,73.485,-21.549,97.826,-9.951,-8.204,1.37,-1.069,-0.103,0.124,100.763,-51.492,103.212,0.3,-5.2,0.0,1.0
1790064471.207357,2301832.0,73.462,-21.62,97.81,-10.713,-8.837,0.241,-1.033,-0.11,0.169,100.763,-51.468,103.092,1.6,-7.9,0.0,1.0
1790064471.212744,2301838.0,73.435,-21.699,97.788,-10.979,-9.626,-0.955,-1.037,-0.098,0.166,100.763,-51.516,103.056,-1.9,-6.9,0.0,1.0
1790064471.2196171,2301844.0,73.402,-21.794,97.748,-10.74,-9.573,-1.968,-1.027,-0.107,0.187,100.763,-51.648,102.996,-8.9,-6.8,0.0,1.0
1790064471.2242508,2301849.0,73.402,-21.794,97.748,-10.74,-9.573,-1.968,-1.027,-0.107,0.187,100.763,-51.792,102.924,-14.7,-7.0,0.0,1.0
1790064471.23027,2301855.0,73.329,-21.999,97.625,-7.614,-5.796,-4.096,-1.031,-0.094,0.272,100.762,-52.116,103.032,-21.5,1.2,0.0,1.0
1790064471.235285,2301860.0,73.304,-22.105,97.546,-6.309,-4.554,-5.134,-1.085,-0.071,0.264,100.762,-52.224,103.152,-20.4,6.0,0.0,1.0
1790064471.240743,2301866.0,73.288,-22.218,97.454,-5.463,-1.527,-6.108,-1.1,-0.046,0.294,100.762,-52.332,103.32,-19.9,10.8,0.0,1.0
1790064471.245715,2301871.0,73.282,-22.348,97.34,-4.886,2.408,-6.977,-1.096,-0.033,0.334,100.762,-52.452,103.5,-20.1,14.8,0.0,1.0
1790064471.2507432,2301876.0,73.289,-22.507,97.192,-4.417,5.939,-8.044,-1.109,-0.023,0.346,100.762,-52.584,103.668,-20.7,16.0,0.0,1.0
1790064471.256962,2301882.0,73.334,-22.919,96.788,-3.081,11.251,-10.565,-1.126,-0.019,0.347,100.762,-52.728,103.584,-22.0,6.6,0.0,1.0
1790064471.2621891,2301887.0,73.365,-23.179,96.527,-2.615,11.16,-12.067,-1.188,-0.019,0.311,100.762,-52.86,103.5,-22.2,0.4,0.0,1.0
1790064471.267311,2301892.0,73.392,-23.457,96.244,-2.281,11.191,-13.392,-1.185,-0.021,0.319,100.762,-52.956,103.488,-20.1,-0.1,0.0,1.0
1790064471.272779,2301898.0,73.413,-23.771,95.922,-1.775,13.681,-14.585,-1.119,-0.053,0.376,100.762,-53.052,103.512,-18.5,1.0,0.0,1.0
1790064471.280063,2301905.0,73.44,-24.137,95.542,-0.983,17.868,-15.814,-1.086,-0.078,0.404,100.762,-53.136,103.536,-17.6,1.5,0.0,1.0
1790064471.2850492,2301910.0,73.44,-24.137,95.542,-0.983,17.868,-15.814,-1.086,-0.078,0.404,100.762,-53.4,103.572,-20.2,1.5,0.0,1.0
1790064471.290496,2301915.0,73.536,-25.014,94.619,1.329,22.845,-17.949,-1.136,-0.103,0.349,100.763,-53.532,103.548,-20.6,0.3,0.0,1.0
1790064471.2957041,2301921.0,73.593,-25.506,94.091,2.78,24.305,-18.924,-1.164,-0.116,0.343,100.763,-53.664,103.56,-21.6,0.3,0.0,1.0
1790064471.300756,2301926.0,73.655,-26.029,93.525,4.372,26.049,-19.753,-1.178,-0.132,0.344,100.763,-53.808,103.56,-22.2,0.2,0.0,1.0
1790064471.3069482,2301932.0,73.796,-27.191,92.251,7.307,30.416,-21.505,-1.182,-0.154,0.322,100.763,-53.916,103.56,-21.3,0.3,0.0,1.0
1790064471.312196,2301937.0,73.879,-27.821,91.554,8.435,32.372,-22.345,-1.193,-0.151,0.301,100.763,-54.012,103.56,-19.5,0.1,0.0,1.0
1790064471.317929,2301943.0,73.969,-28.477,90.826,9.374,33.759,-23.146,-1.206,-0.137,0.275,100.763,-54.108,103.56,-17.8,0.1,0.0,1.0
1790064471.323325,2301948.0,74.064,-29.154,90.07,10.353,34.943,-23.937,-1.212,-0.12,0.254,100.763,-54.204,103.56,-17.2,0.0,0.0,1.0
1790064471.330283,2301954.0,74.164,-29.857,89.282,11.411,36.395,-24.834,-1.207,-0.109,0.241,100.763,-54.3,103.56,-16.8,0.1,0.0,1.0
1790064471.3347032,2301960.0,74.268,-30.587,88.461,12.466,37.809,-25.747,-1.208,-0.093,0.223,100.763,-54.396,103.548,-16.9,-0.1,0.0,1.0
1790064471.340105,2301965.0,74.376,-31.344,87.607,13.314,38.616,-26.581,-1.218,-0.079,0.195,100.763,-54.588,103.56,-16.9,0.0,0.0,1.0
1790064471.3456361,2301970.0,74.485,-32.123,86.729,13.927,38.839,-27.243,-1.224,-0.065,0.167,100.763,-54.696,103.548,-17.1,-0.1,0.0,1.0
1790064471.350927,2301976.0,74.593,-32.921,85.829,14.435,39.028,-27.867,-1.216,-0.056,0.152,100.763,-54.792,103.56,-17.0,0.0,0.0,1.0
1790064471.357195,2301982.0,74.806,-34.582,83.955,15.043,40.298,-29.132,-1.188,-0.038,0.134,100.763,-54.9,103.56,-17.3,0.3,0.0,1.0
1790064471.362887,2301988.0,74.912,-35.454,82.976,15.056,40.597,-29.737,-1.18,-0.028,0.11,100.763,-55.008,103.548,-17.6,-0.1,0.0,1.0
1790064471.368196,2301993.0,75.016,-36.351,81.973,14.896,40.654,-30.246,-1.166,-0.025,0.093,100.763,-55.092,103.56,-16.6,0.1,0.0,1.0
1790064471.373195,2301998.0,75.114,-37.275,80.944,14.605,40.662,-30.682,-1.147,-0.03,0.084,100.763,-55.188,103.548,-16.3,0.0,0.0,1.0
1790064471.378295,2302004.0,75.114,-37.275,80.944,14.605,40.662,-30.682,-1.147,-0.03,0.084,100.763,-55.272,103.56,-15.6,-0.1,0.0,1.0
1790064471.3846679,2302009.0,75.293,-39.198,78.817,13.959,40.012,-31.3,-1.105,-0.052,0.065,100.763,-55.368,103.548,-15.6,-0.1,0.0,1.0
1790064471.3903658,2302014.0,75.37,-40.19,77.726,13.695,39.369,-31.416,-1.077,-0.067,0.055,100.763,-55.452,103.56,-15.0,0.0,0.0,1.0
1790064471.3947258,2302020.0,75.439,-41.196,76.624,13.371,38.542,-31.394,-1.049,-0.081,0.044,100.763,-55.524,103.56,-13.9,0.2,0.0,1.0
1790064471.4003189,2302025.0,75.499,-42.211,75.516,12.946,37.451,-31.22,-1.026,-0.095,0.034,100.763,-55.644,103.56,-11.5,0.0,0.0,1.0
1790064471.4056509,2302030.0,75.55,-43.227,74.41,12.514,36.205,-30.875,-1.006,-0.111,0.027,100.763,-55.692,103.56,-10.3,0.2,0.0,1.0
1790064471.410936,2302036.0,75.59,-44.238,73.313,12.075,34.916,-30.376,-0.983,-0.13,0.026,100.763,-55.728,103.548,-9.2,-0.1,0.0,1.0
1790064471.417053,2302042.0,75.638,-46.215,71.171,11.546,32.205,-28.873,-0.933,-0.169,0.036,100.763,-55.776,103.56,-8.9,0.1,0.0,1.0
1790064471.422845,2302048.0,75.647,-47.165,70.141,11.424,30.907,-27.92,-0.909,-0.183,0.044,100.763,-55.824,103.56,-8.3,0.0,0.0,1.0
1790064471.42817,2302053.0,75.648,-48.086,69.143,11.313,29.708,-26.904,-0.889,-0.196,0.052,100.763,-55.86,103.56,-7.5,0.0,0.0,1.0
1790064471.435269,2302059.0,75.642,-48.972,68.18,11.136,28.521,-25.713,-0.872,-0.207,0.058,100.763,-55.884,103.56,-6.5,0.1,0.0,1.0
1790064471.439699,2302065.0,75.63,-49.822,67.256,10.952,27.351,-24.396,-0.857,-0.217,0.065,100.763,-55.92,103.56,-5.8,0.0,0.0,1.0
1790064471.445269,2302070.0,75.614,-50.631,66.374,10.836,26.235,-22.993,-0.841,-0.227,0.074,100.763,-55.956,103.56,-4.4,0.0,0.0,1.0
1790064471.450923,2302075.0,75.594,-51.406,65.528,10.786,25.179,-21.529,-0.829,-0.235,0.074,100.763,-55.98,103.56,-4.1,0.0,0.0,1.0
1790064471.45577,2302081.0,75.573,-52.147,64.717,10.814,24.087,-20.056,-0.822,-0.241,0.07,100.763,-55.992,103.56,-3.1,0.0,0.0,1.0
1790064471.4607549,2302086.0,75.552,-52.847,63.947,10.934,22.896,-18.506,-0.82,-0.245,0.069,100.763,-55.992,103.56,-2.0,0.0,0.0,1.0
1790064471.465915,2302091.0,75.532,-53.507,63.218,11.097,21.594,-16.922,-0.821,-0.248,0.064,100.763,-55.98,103.56,-1.1,-0.1,0.0,1.0
1790064471.4719281,2302097.0,75.512,-54.127,62.53,11.292,20.144,-15.327,-0.828,-0.252,0.055,100.763,-55.98,103.56,-0.4,0.0,0.0,1.0
1790064471.47722,2302102.0,75.478,-55.239,61.28,12.094,16.955,-12.074,-0.85,-0.261,0.037,100.763,-55.968,103.56,0.1,-0.1,0.0,1.0
1790064471.4828238,2302108.0,75.464,-55.731,60.717,12.632,15.283,-10.463,-0.861,-0.264,0.026,100.763,-55.98,103.56,-0.1,0.0,0.0,1.0
1790064471.4883058,2302113.0,75.453,-56.177,60.199,13.239,13.421,-8.827,-0.874,-0.265,0.012,100.763,-55.98,103.56,-0.2,0.0,0.0,1.0
1790064471.49282,2302118.0,75.444,-56.575,59.728,13.941,11.409,-7.168,-0.887,-0.266,-0.001,100.763,-55.98,103.56,-0.1,0.0,0.0,1.0
1790064471.498276,2302123.0,75.438,-56.919,59.307,14.709,9.359,-5.548,-0.897,-0.266,-0.01,100.763,-55.968,103.56,0.1,-0.2,0.0,1.0
1790064471.5046458,2302129.0,75.434,-57.208,58.94,15.566,7.246,-3.941,-0.904,-0.265,-0.016,100.763,-55.98,103.56,0.0,-0.1,0.0,1.0
1790064471.509722,2302134.0,75.431,-57.437,58.63,16.486,5.08,-2.358,-0.909,-0.262,-0.02,100.763,-55.98,103.56,0.0,-0.1,0.0,1.0
1790064471.514289,2302140.0,75.429,-57.603,58.379,17.46,2.877,-0.846,-0.913,-0.257,-0.021,100.763,-55.98,103.56,0.0,0.2,0.0,1.0
1790064471.520202,2302145.0,75.429,-57.703,58.19,18.514,0.698,0.598,-0.915,-0.249,-0.017,100.763,-55.98,103.56,-0.3,0.0,0.0,1.0
1790064471.5252779,2302150.0,75.431,-57.736,58.065,19.56,-1.414,1.983,-0.916,-0.239,-0.012,100.763,-55.98,103.56,0.0,0.1,0.0,1.0
1790064471.5307388,2302155.0,75.433,-57.703,58.001,20.6,-3.462,3.314,-0.916,-0.228,-0.005,100.764,-55.98,103.56,0.0,0.1,0.0,1.0
1790064471.535702,2302161.0,75.437,-57.606,57.998,21.6,-5.401,4.578,-0.913,-0.217,0.003,100.764,-55.98,103.56,-0.2,-0.2,0.0,1.0
1790064471.54082,2302166.0,75.442,-57.448,58.051,22.533,-7.23,5.791,-0.909,-0.206,0.011,100.764,-55.98,103.56,0.0,0.0,0.0,1.0
1790064471.546272,2302171.0,75.448,-57.233,58.159,23.417,-8.953,6.946,-0.906,-0.198,0.019,100.764,-55.98,103.56,0.0,0.0,0.0,1.0
1790064471.551865,2302177.0,75.46,-56.648,58.519,25.039,-12.021,9.149,-0.903,-0.187,0.033,100.764,-55.992,103.56,-0.3,0.2,0.0,1.0
1790064471.557312,2302182.0,75.467,-56.285,58.764,25.78,-13.398,10.192,-0.902,-0.182,0.039,100.764,-55.98,103.56,0.1,-0.1,0.0,1.0
1790064471.5633101,2302188.0,75.474,-55.882,59.048,26.427,-14.712,11.162,-0.901,-0.179,0.043,100.764,-55.98,103.56,0.0,0.0,0.0,1.0
1790064471.569612,2302194.0,75.481,-55.441,59.368,26.969,-15.955,12.123,-0.901,-0.175,0.046,100.764,-55.98,103.56,0.0,0.1,0.0,1.0
1790064471.574701,2302200.0,75.488,-54.964,59.723,27.417,-17.125,13.095,-0.902,-0.172,0.048,100.764,-55.98,103.56,0.0,0.0,0.0,1.0
1790064471.579898,2302205.0,75.496,-54.451,60.112,27.767,-18.249,14.053,-0.902,-0.167,0.051,100.764,-55.98,103.56,-0.2,0.0,0.0,1.0
1790064471.58528,2302210.0,75.504,-53.904,60.535,27.995,-19.318,14.977,-0.902,-0.163,0.055,100.764,-55.98,103.56,0.1,0.0,0.0,1.0
1790064471.591243,2302216.0,75.511,-53.325,60.99,28.124,-20.311,15.848,-0.903,-0.159,0.059,100.764,-55.98,103.56,0.0,0.0,0.0,1.0
1790064471.596889,2302222.0,75.523,-52.075,61.994,27.949,-22.13,17.429,-0.903,-0.152,0.073,100.764,-55.992,103.56,-0.3,0.0,0.0,1.0
1790064471.602162,2302227.0,75.527,-51.408,62.541,27.732,-22.913,18.153,-0.903,-0.148,0.082,100.764,-55.98,103.56,0.1,0.0,0.0,1.0
1790064471.6078331,2302233.0,75.529,-50.715,63.116,27.395,-23.566,18.823,-0.903,-0.145,0.092,100.764,-55.992,103.56,-0.1,0.0,0.0,0.98
1790064471.614681,2302239.0,75.529,-50.0,63.714,26.972,-24.085,19.428,-0.902,-0.143,0.103,100.764,-55.992,103.56,-0.1,0.0,0.0,0.96
1790064471.61973,2302245.0,75.526,-49.268,64.332,26.486,-24.461,19.992,-0.901,-0.142,0.114,100.764,-55.992,103.56,-0.2,0.1,0.0,0.94
1790064471.625171,2302250.0,75.521,-48.522,64.968,25.94,-24.761,20.556,-0.9,-0.143,0.125,100.764,-55.992,103.56,0.0,-0.2,0.0,0.9199999999999999
1790064471.630293,2302255.0,75.513,-47.766,65.617,25.379,-24.981,21.13,-0.898,-0.147,0.135,100.764,-55.992,103.56,-0.4,0.1,0.0,0.8999999999999999
1790064471.6357691,2302260.0,75.503,-47.003,66.275,24.826,-25.138,21.718,-0.897,-0.152,0.143,100.764,-56.004,103.56,-0.4,-0.1,0.0,0.8799999999999999
1790064471.640832,2302266.0,75.49,-46.237,66.939,24.273,-25.24,22.312,-0.898,-0.157,0.149,100.764,-55.992,103.548,0.0,-0.1,0.0,0.8599999999999999
1790064471.6457868,2302271.0,75.477,-45.471,67.607,23.696,-25.268,22.891,-0.902,-0.163,0.153,100.764,-55.992,103.56,-0.2,-0.1,0.0,0.8399999999999999
1790064471.651257,2302276.0,75.462,-44.704,68.279,23.106,-25.316,23.472,-0.906,-0.168,0.156,100.762,-55.992,103.548,0.0,0.0,0.0,0.7999999999999998
1790064471.656748,2302282.0,75.446,-43.935,68.956,22.46,-25.406,24.084,-0.91,-0.17,0.158,100.762,-55.992,103.56,0.1,0.0,0.0,0.7799999999999998
1790064471.661976,2302287.0,75.414,-42.391,70.329,21.104,-25.616,25.168,-0.922,-0.168,0.159,100.762,-55.992,103.56,0.0,0.0,0.0,0.7599999999999998
1790064471.667797,2302293.0,75.397,-41.616,71.025,20.394,-25.786,25.611,-0.928,-0.166,0.159,100.762,-55.992,103.56,-0.1,0.1,0.0,0.7399999999999998
1790064471.674753,2302300.0,75.38,-40.838,71.727,19.63,-25.998,25.967,-0.935,-0.162,0.159,100.762,-55.992,103.56,0.0,-0.1,0.0,0.7199999999999998
1790064471.680052,2302305.0,75.361,-40.057,72.436,18.851,-26.268,26.234,-0.943,-0.158,0.16,100.762,-55.992,103.548,0.1,0.0,0.0,0.6999999999999997
1790064471.685199,2302310.0,75.341,-39.274,73.152,18.011,-26.61,26.453,-0.951,-0.153,0.161,100.762,-55.992,103.56,0.0,-0.1,0.0,0.6799999999999997
1790064471.690275,2302315.0,75.318,-38.491,73.872,17.074,-27.009,26.6,-0.96,-0.15,0.162,100.762,-55.992,103.548,0.0,-0.1,0.0,0.6599999999999997
1790064471.695758,2302321.0,75.291,-37.706,74.599,16.224,-27.382,26.721,-0.97,-0.149,0.169,100.762,-56.004,103.548,-0.1,-0.1,0.0,0.6399999999999997
1790064471.702045,2302327.0,75.219,-36.125,76.073,14.919,-27.825,26.788,-0.994,-0.154,0.212,100.762,-55.992,103.56,0.1,0.0,0.0,0.5999999999999996
1790064471.707915,2302333.0,75.175,-35.33,76.818,14.436,-27.881,26.811,-1.006,-0.153,0.235,100.762,-55.992,103.548,0.0,-0.2,0.0,0.5799999999999996
1790064471.7129002,2302338.0,75.126,-34.535,77.566,14.064,-27.766,26.815,-1.016,-0.151,0.256,100.763,-55.992,103.548,0.0,0.0,0.0,0.5599999999999996
1790064471.717908,2302343.0,75.074,-33.744,78.309,13.782,-27.449,26.774,-1.024,-0.149,0.273,100.763,-55.992,103.548,0.0,-0.1,0.0,0.5399999999999996
1790064471.7239082,2302349.0,75.021,-32.964,79.043,13.547,-27.023,26.686,-1.032,-0.148,0.284,100.763,-55.992,103.548,0.0,0.1,0.0,0.5199999999999996
1790064471.730248,2302355.0,74.965,-32.199,79.763,13.446,-26.593,26.556,-1.037,-0.149,0.289,100.763,-56.004,103.548,-0.1,-0.1,0.0,0.49999999999999956
1790064471.735287,2302360.0,74.91,-31.451,80.466,13.417,-26.141,26.419,-1.04,-0.15,0.289,100.763,-56.004,103.548,-0.1,0.0,0.0,0.47999999999999954
1790064471.740797,2302366.0,74.855,-30.719,81.152,13.448,-25.647,26.28,-1.041,-0.149,0.286,100.763,-55.992,103.548,0.1,0.0,0.0,0.4599999999999995
1790064471.7467,2302372.0,74.8,-30.003,81.821,13.521,-25.141,26.094,-1.041,-0.146,0.282,100.763,-55.992,103.548,0.3,0.0,0.0,0.4199999999999995
1790064471.751953,2302377.0,74.694,-28.617,83.113,13.619,-24.13,25.527,-1.044,-0.136,0.274,100.763,-55.992,103.548,-0.1,-0.1,0.0,0.39999999999999947
1790064471.7572072,2302382.0,74.643,-27.947,83.735,13.703,-23.612,25.193,-1.048,-0.131,0.271,100.763,-55.992,103.548,0.1,0.0,0.0,0.37999999999999945
1790064471.762845,2302388.0,74.592,-27.292,84.341,13.769,-23.08,24.829,-1.052,-0.127,0.27,100.763,-55.992,103.548,0.0,-0.2,0.0,0.35999999999999943
1790064471.769724,2302394.0,74.541,-26.653,84.93,13.84,-22.525,24.425,-1.058,-0.124,0.271,100.763,-55.992,103.548,0.2,-0.2,0.0,0.3399999999999994
1790064471.7752478,2302400.0,74.491,-26.031,85.501,13.918,-21.947,24.027,-1.065,-0.123,0.271,100.764,-55.992,103.548,-0.1,0.0,0.0,0.3199999999999994
1790064471.780302,2302405.0,74.443,-25.428,86.053,13.981,-21.412,23.583,-1.07,-0.122,0.268,100.764,-55.992,103.536,-0.1,0.0,0.0,0.2999999999999994
1790064471.785281,2302410.0,74.394,-24.845,86.584,14.019,-20.993,23.025,-1.07,-0.121,0.263,100.764,-55.992,103.536,0.1,0.0,0.0,0.27999999999999936
1790064471.790832,2302416.0,74.345,-24.283,87.095,14.032,-20.637,22.372,-1.07,-0.122,0.264,100.764,-55.992,103.536,0.0,-0.1,0.0,0.23999999999999935
1790064471.796907,2302422.0,74.241,-23.23,88.044,13.974,-19.746,20.922,-1.079,-0.133,0.274,100.764,-55.992,103.536,0.2,0.0,0.0,0.21999999999999936
1790064471.802249,2302427.0,74.187,-22.74,88.48,13.882,-19.258,20.233,-1.087,-0.142,0.282,100.764,-55.992,103.536,0.1,-0.1,0.0,0.19999999999999937
1790064471.807897,2302433.0,74.132,-22.274,88.894,13.743,-18.742,19.583,-1.093,-0.15,0.292,100.764,-56.004,103.536,-0.3,0.0,0.0,0.17999999999999938
1790064471.814683,2302439.0,74.075,-21.829,89.288,13.581,-18.123,18.887,-1.097,-0.153,0.302,100.764,-55.992,103.536,0.0,0.0,0.0,0.1599999999999994
1790064471.820331,2302445.0,74.019,-21.404,89.662,13.368,-17.352,18.153,-1.097,-0.151,0.312,100.764,-56.004,103.536,-0.1,-0.3,0.0,0.1399999999999994
1790064471.8248,2302450.0,73.964,-20.996,90.018,13.133,-16.401,17.39,-1.096,-0.145,0.323,100.764,-56.004,103.536,-0.1,-0.2,0.0,0.1199999999999994
1790064471.830335,2302455.0,73.91,-20.608,90.356,12.84,-15.376,16.55,-1.093,-0.136,0.33,100.764,-56.004,103.536,-0.2,0.1,0.0,0.0999999999999994
1790064471.8358998,2302461.0,73.86,-20.238,90.676,12.488,-14.303,15.672,-1.088,-0.125,0.333,100.762,-56.004,103.536,-0.3,0.0,0.0,0.07999999999999939
1790064471.84215,2302467.0,73.772,-19.561,91.256,11.62,-11.819,13.784,-1.075,-0.099,0.327,100.762,-56.004,103.536,0.0,-0.2,0.0,0.03999999999999938
1790064471.8472362,2302472.0,73.736,-19.254,91.516,11.138,-10.754,12.796,-1.069,-0.087,0.319,100.762,-56.004,103.536,-0.1,0.0,0.0,0.019999999999999383
1790064471.853194,2302478.0,73.704,-18.969,91.756,10.654,-9.775,11.83,-1.063,-0.076,0.31,100.762,-56.004,103.536,0.0,0.0,0.0,0.0
1790064471.859676,2302484.0,73.677,-18.706,91.975,10.136,-8.895,10.821,-1.057,-0.067,0.3,100.762,-56.004,103.524,0.0,-0.5,0.0,0.0
1790064471.8652349,2302489.0,73.653,-18.467,92.172,9.637,-8.062,9.748,-1.051,-0.059,0.29,100.762,-56.004,103.524,0.0,-0.1,0.0,0.0
1790064471.870045,2302495.0,73.633,-18.253,92.345,9.139,-7.263,8.618,-1.045,-0.053,0.283,100.762,-56.004,103.524,0.0,-0.2,0.0,0.0
1790064471.875241,2302500.0,73.615,-18.065,92.495,8.598,-6.451,7.455,-1.038,-0.049,0.279,100.762,-56.004,103.524,0.0,0.1,0.0,0.0
1790064471.880754,2302506.0,73.599,-17.903,92.62,8.045,-5.633,6.291,-1.031,-0.046,0.279,100.762,-56.004,103.524,0.0,-0.1,0.0,0.0
1790064471.886773,2302512.0,73.584,-17.766,92.721,7.454,-4.805,5.094,-1.024,-0.044,0.282,100.762,-56.004,103.524,-0.1,-0.2,0.0,0.0
1790064471.8918898,2302517.0,73.557,-17.572,92.852,6.224,-2.979,2.707,-1.014,-0.042,0.297,100.762,-56.016,103.536,0.0,0.2,0.0,0.0
1790064471.898758,2302524.0,73.544,-17.512,92.882,5.658,-1.964,1.558,-1.009,-0.041,0.308,100.761,-56.016,103.524,-0.3,0.0,0.0,0.0
1790064471.904598,2302529.0,73.532,-17.478,92.889,5.124,-0.87,0.403,-1.004,-0.041,0.32,100.761,-56.004,103.524,0.0,0.0,0.0,0.0
1790064471.910225,2302535.0,73.522,-17.469,92.871,4.576,0.284,-0.727,-0.999,-0.041,0.332,100.761,-56.004,103.524,0.0,0.0,0.0,0.0
1790064471.9156532,2302540.0,73.513,-17.485,92.831,4.048,1.545,-1.797,-0.994,-0.042,0.343,100.761,-56.004,103.524,0.0,0.0,0.0,0.0
1790064471.920752,2302546.0,73.506,-17.526,92.766,3.585,2.902,-2.85,-0.987,-0.042,0.352,100.761,-56.004,103.524,0.0,-0.2,0.0,0.0
1790064471.927107,2302552.0,73.504,-17.683,92.565,2.806,5.776,-4.841,-0.973,-0.043,0.364,100.761,-56.004,103.524,0.1,0.1,0.0,0.0
1790064471.933217,2302558.0,73.509,-17.797,92.431,2.461,7.193,-5.745,-0.966,-0.043,0.366,100.761,-56.004,103.524,0.0,0.0,0.0,0.0
1790064471.9382,2302563.0,73.518,-17.935,92.273,2.162,8.624,-6.62,-0.96,-0.043,0.365,100.761,-56.004,103.524,0.1,-0.2,0.0,0.0
1790064471.944587,2302569.0,73.533,-18.095,92.093,1.905,9.981,-7.465,-0.955,-0.042,0.36,100.761,-56.004,103.524,0.0,0.0,0.0,0.0
1790064471.950044,2302575.0,73.554,-18.276,91.892,1.693,11.236,-8.297,-0.95,-0.04,0.353,100.761,-56.004,103.524,0.0,0.0,0.0,0.0
1790064471.955359,2302580.0,73.579,-18.482,91.668,1.495,12.408,-9.168,-0.946,-0.039,0.344,100.761,-56.004,103.524,0.0,-0.1,0.0,0.0
1790064471.960674,2302586.0,73.61,-18.71,91.42,1.322,13.447,-10.02,-0.945,-0.04,0.334,100.763,-56.004,103.524,0.0,0.1,0.0,0.0
1790064471.965722,2302591.0,73.645,-18.961,91.15,1.17,14.333,-10.81,-0.945,-0.04,0.324,100.763,-56.004,103.524,0.0,0.0,0.0,0.0
1790064471.9722261,2302597.0,73.725,-19.529,90.544,1.024,15.791,-12.262,-0.949,-0.045,0.306,100.763,-56.004,103.536,0.0,0.1,0.0,0.0
1790064471.977529,2302603.0,73.769,-19.844,90.208,0.996,16.354,-12.898,-0.952,-0.05,0.296,100.763,-56.004,103.524,0.0,-0.2,0.0,0.0
1790064471.983219,2302608.0,73.815,-20.181,89.852,1.013,16.774,-13.487,-0.956,-0.056,0.287,100.763,-56.004,103.524,0.3,-0.1,0.0,0.0
1790064471.989583,2302614.0,73.863,-20.537,89.476,1.065,17.044,-14.005,-0.961,-0.063,0.278,100.763,-56.004,103.524,0.0,0.0,0.0,0.0
1790064471.995046,2302620.0,73.91,-20.911,89.081,1.139,17.202,-14.428,-0.966,-0.071,0.271,100.763,-56.004,103.524,-0.2,0.0,0.0,0.0
1790064472.0001678,2302625.0,73.957,-21.3,88.671,1.257,17.251,-14.721,-0.972,-0.08,0.264,100.763,-56.004,103.536,0.0,0.2,0.0,0.0
1790064472.005273,2302630.0,74.004,-21.7,88.249,1.397,17.204,-14.905,-0.977,-0.089,0.26,100.763,-56.004,103.524,0.0,0.0,0.0,0.0
1790064472.010667,2302636.0,74.049,-22.109,87.818,1.541,17.095,-14.994,-0.982,-0.097,0.258,100.763,-56.004,103.524,0.1,0.0,0.0,0.0
1790064472.0157351,2302641.0,74.092,-22.522,87.382,1.724,16.96,-14.997,-0.985,-0.104,0.257,100.763,-56.004,103.524,0.0,0.0,0.0,0.0
1790064472.020888,2302646.0,74.133,-22.937,86.943,1.921,16.771,-14.922,-0.987,-0.11,0.257,100.763,-56.004,103.524,0.0,-0.2,0.0,0.0
1790064472.026995,2302652.0,74.209,-23.761,86.068,2.35,16.376,-14.664,-0.989,-0.115,0.259,100.763,-56.004,103.524,0.0,0.0,0.0,0.0
1790064472.032207,2302657.0,74.244,-24.165,85.638,2.535,16.168,-14.496,-0.989,-0.114,0.261,100.763,-56.004,103.524,0.0,0.0,0.0,0.0
1790064472.0374038,2302662.0,74.279,-24.562,85.213,2.696,15.936,-14.315,-0.989,-0.112,0.261,100.763,-55.992,103.512,0.4,-0.4,0.0,0.0
1790064472.043178,2302668.0,74.311,-24.952,84.795,2.863,15.675,-14.13,-0.989,-0.109,0.26,100.763,-56.004,103.524,-0.1,0.0,0.0,0.0
1790064472.049682,2302674.0,74.343,-25.334,84.385,3.021,15.384,-13.925,-0.989,-0.106,0.258,100.763,-56.004,103.524,-0.3,0.1,0.0,0.0
1790064472.055146,2302680.0,74.374,-25.709,83.981,3.156,15.068,-13.709,-0.988,-0.104,0.255,100.763,-56.004,103.524,0.0,-0.2,0.0,0.0
1790064472.060244,2302685.0,74.404,-26.077,83.583,3.285,14.716,-13.469,-0.988,-0.104,0.251,100.763,-56.004,103.524,0.1,0.0,0.0,0.0
1790064472.0653281,2302690.0,74.432,-26.438,83.191,3.428,14.289,-13.184,-0.987,-0.104,0.247,100.763,-56.004,103.524,0.0,0.1,0.0,0.0
1790064472.070698,2302696.0,74.459,-26.792,82.807,3.601,13.814,-12.863,-0.987,-0.107,0.243,100.763,-56.004,103.524,0.0,0.0,0.0,0.0
1790064472.075697,2302701.0,74.484,-27.138,82.429,3.789,13.31,-12.479,-0.986,-0.11,0.241,100.763,-56.004,103.524,-0.2,0.0,0.0,0.0
1790064472.080736,2302706.0,74.507,-27.475,82.061,3.949,12.778,-12.051,-0.985,-0.114,0.239,100.763,-56.004,103.524,-0.2,0.1,0.0,0.0
1790064472.086735,2302712.0,74.528,-27.802,81.702,4.102,12.231,-11.603,-0.985,-0.118,0.238,100.763,-56.004,103.524,0.0,-0.3,0.0,0.0
1790064472.092025,2302717.0,74.563,-28.418,81.022,4.406,11.122,-10.558,-0.984,-0.124,0.239,100.763,-56.004,103.524,0.0,0.0,0.0,0.0
1790064472.097225,2302722.0,74.577,-28.705,80.702,4.519,10.577,-10.017,-0.983,-0.126,0.241,100.763,-56.004,103.524,0.0,0.0,0.0,0.0
1790064472.103211,2302728.0,74.59,-28.977,80.398,4.588,10.029,-9.442,-0.982,-0.127,0.243,100.763,-56.004,103.524,-0.1,-0.1,0.0,0.0
1790064472.1096268,2302734.0,74.6,-29.232,80.111,4.609,9.537,-8.854,-0.981,-0.129,0.248,100.763,-56.004,103.524,0.1,0.2,0.0,0.0
1790064472.115187,2302739.0,74.609,-29.471,79.841,4.54,9.094,-8.254,-0.98,-0.13,0.254,100.763,-56.004,103.524,0.1,0.0,0.0,0.0
1790064472.120079,2302745.0,74.615,-29.695,79.587,4.363,8.642,-7.662,-0.979,-0.13,0.258,100.763,-56.004,103.524,0.0,0.0,0.0,0.0
1790064472.125275,2302750.0,74.621,-29.905,79.348,4.135,8.195,-7.064,-0.977,-0.131,0.26,100.763,-56.004,103.524,0.2,0.0,0.0,0.0
1790064472.130601,2302756.0,74.625,-30.103,79.124,3.87,7.808,-6.458,-0.973,-0.132,0.259,100.763,-56.004,103.524,-0.1,0.0,0.0,0.0
1790064472.135648,2302761.0,74.63,-30.29,78.913,3.542,7.432,-5.853,-0.97,-0.133,0.258,100.763,-56.004,103.536,0.0,0.3,0.0,0.0
1790064472.140768,2302766.0,74.634,-30.464,78.716,3.148,7.021,-5.225,-0.968,-0.133,0.256,100.764,-56.004,103.524,-0.1,-0.1,0.0,0.0
1790064472.145877,2302771.0,74.638,-30.627,78.534,2.715,6.602,-4.608,-0.965,-0.133,0.253,100.764,-56.004,103.524,0.0,0.1,0.0,0.0
1790064472.151747,2302777.0,74.643,-30.78,78.365,2.249,6.161,-4.023,-0.962,-0.133,0.249,100.764,-56.004,103.524,0.2,-0.1,0.0,0.0
1790064472.1570728,2302782.0,74.653,-31.057,78.064,1.277,5.175,-2.885,-0.963,-0.133,0.237,100.764,-56.004,103.524,-0.1,-0.1,0.0,0.0
1790064472.1631749,2302788.0,74.658,-31.181,77.931,0.767,4.624,-2.353,-0.965,-0.133,0.231,100.764,-56.004,103.524,-0.2,0.1,0.0,0.0
1790064472.169528,2302794.0,74.663,-31.298,77.811,0.215,3.987,-1.838,-0.968,-0.134,0.223,100.764,-56.004,103.524,0.0,0.2,0.0,0.0
1790064472.175211,2302799.0,74.669,-31.405,77.702,-0.291,3.309,-1.352,-0.973,-0.134,0.214,100.764,-56.004,103.512,0.0,-0.4,0.0,0.0
1790064472.179567,2302804.0,74.674,-31.505,77.605,-0.793,2.59,-0.883,-0.978,-0.134,0.206,100.764,-56.004,103.524,0.1,0.0,0.0,0.0
1790064472.184575,2302809.0,74.679,-31.596,77.519,-1.32,1.753,-0.418,-0.982,-0.136,0.197,100.764,-56.004,103.524,0.0,0.1,0.0,0.0
1790064472.19063,2302816.0,74.683,-31.68,77.444,-1.78,0.872,0.016,-0.986,-0.138,0.188,100.764,-56.004,103.524,0.2,-0.3,0.0,0.0
1790064472.195696,2302821.0,74.685,-31.754,77.381,-2.215,-0.04,0.419,-0.989,-0.14,0.18,100.764,-56.004,103.524,-0.1,0.0,0.0,0.0
1790064472.200675,2302826.0,74.685,-31.819,77.331,-2.629,-1.042,0.809,-0.992,-0.142,0.174,100.763,-56.004,103.524,0.0,0.0,0.0,0.0
1790064472.205875,2302831.0,74.683,-31.872,77.294,-2.999,-2.103,1.162,-0.994,-0.144,0.169,100.763,-56.004,103.524,-0.2,0.0,0.0,0.0
1790064472.2117918,2302837.0,74.677,-31.912,77.273,-3.365,-3.185,1.507,-0.995,-0.146,0.166,100.763,-56.004,103.512,-0.1,-0.3,0.0,0.0
